harness_id,task_id,v1,v2,final_answer
gsm_deepseek_s0_g0,math500_split#176,1,0,0.0000672
gsm_deepseek_s0_g0,math500_split#326,1,0,0.09
gsm_deepseek_s0_g0,math500_split#338,0,1,4343
gsm_deepseek_s0_g0,math500_split#433,1,0,0.35625
gsm_deepseek_s0_g1,math500_split#103,0,1,"\lambda\in(3,4]"
gsm_deepseek_s0_g1,math500_split#176,1,0,0.0000672
gsm_deepseek_s0_g1,math500_split#326,1,0,0.09
gsm_deepseek_s0_g1,math500_split#433,1,0,0.35625
gsm_deepseek_s0_g2,math500_split#176,1,0,0.0000672
gsm_deepseek_s0_g2,math500_split#326,1,0,0.09
gsm_deepseek_s0_g2,math500_split#433,1,0,0.35625
gsm_deepseek_s0_g3,math500_split#103,0,1,"(3,4]"
gsm_deepseek_s0_g3,math500_split#176,1,0,0.0000672
gsm_deepseek_s0_g3,math500_split#326,1,0,0.09
gsm_deepseek_s0_g3,math500_split#433,1,0,0.35625
gsm_deepseek_s0_g4,math500_split#103,0,1,"\((3,4]\)"
gsm_deepseek_s0_g4,math500_split#176,1,0,0.0000672
gsm_deepseek_s0_g4,math500_split#433,1,0,0.35625
gsm_deepseek_s0_g5,math500_split#103,0,1,"(3,4]"
gsm_deepseek_s0_g5,math500_split#176,1,0,0.0000672
gsm_deepseek_s0_g5,math500_split#433,1,0,0.35625
gsm_deepseek_s0_g6,math500_split#176,1,0,0.0000672
gsm_deepseek_s0_g6,math500_split#326,1,0,0.09
gsm_deepseek_s0_g6,math500_split#433,1,0,0.35625
gsm_deepseek_s0_g7,math500_split#176,1,0,0.0000672
gsm_deepseek_s0_g7,math500_split#326,1,0,0.09
gsm_deepseek_s0_g7,math500_split#338,0,1,4343₆
gsm_deepseek_s0_g7,math500_split#433,1,0,0.35625
gsm_ernie_s0_g0,math500_split#176,1,0,0.0000672
gsm_ernie_s0_g0,math500_split#326,1,0,0.09
gsm_ernie_s0_g0,math500_split#338,0,1,4343₆
gsm_ernie_s0_g0,math500_split#433,1,0,0.35625
gsm_ernie_s0_g1,math500_split#176,1,0,0.0000672
gsm_ernie_s0_g1,math500_split#326,1,0,0.09
gsm_ernie_s0_g1,math500_split#338,0,1,4343₆
gsm_ernie_s0_g1,math500_split#433,1,0,0.35625
gsm_ernie_s0_g2,math500_split#176,1,0,0.0000672
gsm_ernie_s0_g2,math500_split#326,1,0,0.09
gsm_ernie_s0_g2,math500_split#338,0,1,4343₆
gsm_ernie_s0_g2,math500_split#433,1,0,0.35625
gsm_ernie_s0_g3,math500_split#176,1,0,0.0000672
gsm_ernie_s0_g3,math500_split#326,1,0,0.09
gsm_ernie_s0_g3,math500_split#338,0,1,4343₆
gsm_ernie_s0_g3,math500_split#433,1,0,0.35625
gsm_ernie_s0_g4,math500_split#176,1,0,"# Converting $\frac{21}{2^2 \cdot 5^7}$ to a Terminating Decimal

## Setting Up the Strategy

To write a fraction as a terminating decimal, I need the denominator to be a power of 10 (i.e., $10^n = 2^n \cdot 5^n$).

The current denominator is $2^2 \cdot 5^7$. Since the power of 2 is smaller, I need to **multiply numerator and denominator by $2^5$** to balance the factors:

$$2^2 \cdot 5^7 \cdot 2^5 = 2^7 \cdot 5^7 = 10^7$$

## Performing the Conversion

**Multiply by $\frac{2^5}{2^5} = \frac{32}{32}$:**

$$\frac{21}{2^2 \cdot 5^7} \cdot \frac{2^5}{2^5} = \frac{21 \cdot 32}{2^7 \cdot 5^7} = \frac{672}{10^7}$$

## Writing as a Decimal

$$\frac{672}{10{,}000{,}000} = \frac{0.0000672 \cdot 10^7}{10^7}$$

Moving the decimal point 7 places to the left in 672:

$$\boxed{0.0000672}$$

## Verification

$$0.0000672 \times 2^2 \cdot 5^7 = 0.0000672 \times 4 \times 78125 = 0.0000672 \times 312500 = 21 ✓$$"
gsm_ernie_s0_g4,math500_split#326,1,0,"## Setting Up

Let 
$$a = \arcsin 0.4 \quad \text{and} \quad b = \arcsin 0.5,$$
so that $\sin a = 0.4$ and $\sin b = 0.5$.

The expression becomes:
$$\sin(a+b)\sin(b-a).$$

## Key Identity

Use the product-to-sum formula $\sin X \sin Y = \tfrac{1}{2}\left[\cos(X-Y) - \cos(X+Y)\right]$ with $X = a+b$ and $Y = b-a$:

$$\sin(a+b)\sin(b-a) = \frac{1}{2}\left[\cos(2a) - \cos(2b)\right].$$

Now apply the double angle identity $\cos 2\theta = 1 - 2\sin^2\theta$:

$$\frac{1}{2}\left[(1 - 2\sin^2 a) - (1 - 2\sin^2 b)\right] = \sin^2 b - \sin^2 a.$$

## Evaluating

$$\sin^2 b - \sin^2 a = (0.5)^2 - (0.4)^2 = 0.25 - 0.16 = 0.09.$$

## Verification by Direct Expansion

Since $\cos a = \sqrt{1-0.16} = \sqrt{0.84}$ and $\cos b = \sqrt{1-0.25} = \sqrt{0.75}$:

$$\sin(a+b) = 0.4\sqrt{0.75} + 0.5\sqrt{0.84}, \qquad \sin(b-a) = 0.5\sqrt{0.84} - 0.4\sqrt{0.75}.$$

With $p = 0.4\sqrt{0.75}$ and $q = 0.5\sqrt{0.84}$, the product is $(p+q)(q-p) = q^2 - p^2$:

$$q^2 - p^2 = 0.25 \cdot 0.84 - 0.16 \cdot 0.75 = 0.21 - 0.12 = 0.09. ✓$$

## Answer

$$\boxed{0.09}$$"
gsm_ernie_s0_g4,math500_split#328,1,0,"## Setting Up the Problem

I need to find all possible values of $f(x) = \left\lfloor \left(-\tfrac{5}{8}\right)^x \right\rfloor$ for $x \in [0, \infty)$ where the expression is real.

## Step 1: Determine When the Expression is Real

A negative number raised to a real power $x = \frac{p}{q}$ (in lowest terms) is real only when $q$ is **odd** (so we take an odd root of a negative number). This includes all integers. For such $x$:

$$\left(-\frac{5}{8}\right)^{p/q} = \left(\sqrt[q]{-\tfrac{5}{8}}\right)^p = (-1)^p \left(\frac{5}{8}\right)^{p/q}$$

So the value is positive when $p$ is even, and negative when $p$ is odd.

## Step 2: Bound the Values

Since $x \ge 0$ and $0 < \frac{5}{8} < 1$:

$$\left|\left(-\frac{5}{8}\right)^x\right| = \left(\frac{5}{8}\right)^x \le 1$$

with equality **only** when $x = 0$. Therefore, for all valid $x$:

$$-1 < \left(-\frac{5}{8}\right)^x \le 1$$

The value is **never** exactly $0$, and never reaches $-1$ or anything below it.

## Step 3: Take Floors

The base $\left(-\tfrac58\right)^x$ can only fall into these intervals:

| Interval | Floor | Achieved? |
|---|---|---|
| $\{1\}$ | $1$ | Yes: $x = 0$ gives $(-5/8)^0 = 1$ |
| $(0, 1)$ | $0$ | Yes: $x = 2$ gives $\frac{25}{64} \approx 0.39$ |
| $\{-1\}$ | $-1$ | Never reached |
| $(-1, 0)$ | $-1$ | Yes: $x = 1$ gives $-0.625$ |

Checking a few values:
- $x = 0$: $f(0) = \lfloor 1 \rfloor = 1$ ✓  
- $x = 1$: $f(1) = \lfloor -0.625 \rfloor = -1$ ✓  
- $x = 2$: $f(2) = \lfloor 0.390625 \rfloor = 0$ ✓  
- $x = \tfrac{1}{3}$: $f(1/3) = \lfloor -\sqrt[3]{5/8} \rfloor = \lfloor -0.854\ldots \rfloor = -1$ ✓  

## Step 4: Identify the Range

The range of $f$ is exactly:

$$\{-1, \; 0, \; 1\}$$

## Answer

There are $\boxed{3}$ distinct values in the range of $f(x)$."
gsm_ernie_s0_g4,math500_split#333,1,0,"## Setting Up

Let $x = \sqrt[3]{2}$. Since $1 < \sqrt[3]{2} < 2$ (because $1 < 2 < 8$), we have $x \approx 1.2599$, so:
$$a = 1$$

The continued fraction becomes:
$$x = 1 + \cfrac{1}{b + \cfrac{1}{c + \cfrac{1}{d + \dotsb}}}$$

## Finding $b$

The integer part $b$ is the floor of:
$$\frac{1}{x - 1}$$

**Rationalize using the difference of cubes.** Since $(x-1)(x^2 + x + 1) = x^3 - 1$:

$$\frac{1}{x-1} = \frac{x^2 + x + 1}{(x-1)(x^2+x+1)} = \frac{x^2 + x + 1}{x^3 - 1}$$

Because $x^3 = 2$, the denominator equals $2 - 1 = 1$, giving:

$$\frac{1}{x-1} = x^2 + x + 1$$

## Evaluating Numerically

With $x = \sqrt[3]{2}$:
- $x \approx 1.259921$
- $x^2 = 2^{2/3} \approx 1.587401$

Therefore:
$$\frac{1}{x-1} = x^2 + x + 1 \approx 1.587401 + 1.259921 + 1 = 3.847322$$

So the continued fraction reads:
$$\sqrt[3]{2} = 1 + \cfrac{1}{3 + \cfrac{1}{c + \cfrac{1}{d + \dotsb}}}$$

Hence:
$$b = \boxed{3}$$"
gsm_ernie_s0_g5,math500_split#176,1,0,0.0000672
gsm_ernie_s0_g5,math500_split#326,1,0,0.09
gsm_ernie_s0_g5,math500_split#338,0,1,4343₆
gsm_ernie_s0_g5,math500_split#433,1,0,0.35625
gsm_ernie_s0_g6,math500_split#176,1,0,0.0000672
gsm_ernie_s0_g6,math500_split#326,1,0,0.09
gsm_ernie_s0_g6,math500_split#338,0,1,4343₆
gsm_ernie_s0_g6,math500_split#433,1,0,0.35625
gsm_ernie_s0_g7,math500_split#176,1,0,0.0000672
gsm_ernie_s0_g7,math500_split#326,1,0,0.09
gsm_ernie_s0_g7,math500_split#433,1,0,0.35625
gsm_glm_s0_g5,math500_split#176,1,0,0.0000672
gsm_glm_s0_g5,math500_split#433,1,0,0.35625
gsm_glm_s0_g6,math500_split#103,0,1,"(3,4]"
gsm_glm_s0_g6,math500_split#176,1,0,0.0000672
gsm_glm_s0_g6,math500_split#433,1,0,0.35625
gsm_kimi_s0_g0,math500_split#103,0,1,"(3,4]"
gsm_kimi_s0_g0,math500_split#137,1,0,2045
gsm_kimi_s0_g0,math500_split#326,1,0,0.09
gsm_kimi_s0_g0,math500_split#338,1,0,43436
gsm_kimi_s0_g0,math500_split#433,1,0,0.35625
gsm_kimi_s0_g1,math500_split#176,1,0,0.0000672
gsm_kimi_s0_g1,math500_split#326,1,0,0.09
gsm_kimi_s0_g1,math500_split#433,1,0,0.35625
gsm_kimi_s0_g2,math500_split#176,1,0,$0.0000672$
gsm_kimi_s0_g2,math500_split#326,1,0,0.09
gsm_kimi_s0_g2,math500_split#433,1,0,0.35625
gsm_kimi_s0_g3,math500_split#176,1,0,0.0000672
gsm_kimi_s0_g3,math500_split#326,1,0,0.09
gsm_kimi_s0_g3,math500_split#338,0,1,4343₆
gsm_kimi_s0_g3,math500_split#433,1,0,0.35625
gsm_kimi_s0_g4,math500_split#176,1,0,0.0000672
gsm_kimi_s0_g4,math500_split#326,1,0,0.09
gsm_kimi_s0_g4,math500_split#433,1,0,0.35625
gsm_kimi_s0_g5,math500_split#176,1,0,0.0000672
gsm_kimi_s0_g5,math500_split#326,1,0,0.09
gsm_kimi_s0_g5,math500_split#433,1,0,0.35625
gsm_kimi_s0_g6,math500_split#176,1,0,0.0000672
gsm_kimi_s0_g6,math500_split#326,1,0,0.09
gsm_kimi_s0_g6,math500_split#433,1,0,0.35625
gsm_minimax_s0_g0,math500_split#176,1,0,0.0000672
gsm_minimax_s0_g0,math500_split#326,1,0,0.09
gsm_minimax_s0_g0,math500_split#433,1,0,0.35625
gsm_minimax_s0_g2,math500_split#103,0,1,"(3,4]"
gsm_minimax_s0_g2,math500_split#176,1,0,0.0000672
gsm_minimax_s0_g2,math500_split#433,1,0,0.35625
gsm_minimax_s0_g3,math500_split#103,0,1,"(3,4]"
gsm_minimax_s0_g3,math500_split#176,1,0,0.0000672
gsm_minimax_s0_g3,math500_split#326,1,0,0.09
gsm_minimax_s0_g3,math500_split#433,1,0,0.35625
gsm_minimax_s0_g4,math500_split#103,0,1,"(3,4]"
gsm_minimax_s0_g4,math500_split#176,1,0,0.0000672
gsm_minimax_s0_g4,math500_split#433,1,0,0.35625
gsm_minimax_s0_g5,math500_split#103,0,1,"(3,4]"
gsm_minimax_s0_g5,math500_split#176,1,0,0.0000672
gsm_minimax_s0_g5,math500_split#433,1,0,0.35625
gsm_minimax_s0_g6,math500_split#103,0,1,"(3,4]"
gsm_minimax_s0_g6,math500_split#176,1,0,0.0000672
gsm_minimax_s0_g6,math500_split#433,1,0,0.35625
gsm_minimax_s0_g7,math500_split#176,1,0,0.0000672
gsm_minimax_s0_g7,math500_split#326,1,0,0.09
gsm_minimax_s0_g7,math500_split#433,1,0,0.35625
gsm_qwen_s0_g0,math500_split#103,0,1,"(3,4]"
gsm_qwen_s0_g0,math500_split#176,1,0,0.0000672
gsm_qwen_s0_g0,math500_split#433,1,0,0.35625
gsm_qwen_s0_g1,math500_split#103,0,1,"(3,4]"
gsm_qwen_s0_g1,math500_split#176,1,0,0.0000672
gsm_qwen_s0_g1,math500_split#326,1,0,0.09
gsm_qwen_s0_g1,math500_split#433,1,0,0.35625
gsm_qwen_s0_g5,math500_split#103,0,1,"(3,4]"
gsm_qwen_s0_g5,math500_split#176,1,0,0.0000672
gsm_qwen_s0_g5,math500_split#433,1,0,0.35625
bare,math500_split#176,1,0,"## Converting to a Terminating Decimal

**Goal:** Make the denominator a power of 10 so the fraction becomes a decimal.

**Step 1: Identify what's needed.**

The denominator is $2^2 \cdot 5^7$. For a power of 10, I need equal numbers of 2's and 5's: $10^7 = 2^7 \cdot 5^7$.

**Step 2: Multiply numerator and denominator by $2^5$** to supply the missing 2's:

$$\frac{21}{2^2 \cdot 5^7} \cdot \frac{2^5}{2^5} = \frac{21 \cdot 32}{2^7 \cdot 5^7} = \frac{672}{10^7}$$

**Step 3: Write as a decimal.**

$$\frac{672}{10^7} = 0.0000672$$

Since $10^7$ has 7 zeros, the decimal point moves 7 places left from 672.

#### 0.0000672"
bare,math500_split#333,1,0,"## Setting Up

Since $\sqrt[3]{2} \approx 1.2599$, we have $a = 1$. Then

$$\sqrt[3]{2} = 1 + \cfrac{1}{b + \cfrac{1}{c + \cdots}}$$

so the reciprocal tail satisfies
$$b + \cfrac{1}{c + \cdots} = \frac{1}{\sqrt[3]{2} - 1}.$$

## Computing the Reciprocal

Rationalize using the factorization $x^3 - 1 = (x-1)(x^2 + x + 1)$ with $x = \sqrt[3]{2}$:

$$\frac{1}{\sqrt[3]{2} - 1} = \frac{\sqrt[3]{4} + \sqrt[3]{2} + 1}{(\sqrt[3]{2})^3 - 1^3} = \frac{\sqrt[3]{4} + \sqrt[3]{2} + 1}{2 - 1} = \sqrt[3]{4} + \sqrt[3]{2} + 1.$$

## Finding $b$

Numerically:
$$\sqrt[3]{4} \approx 1.5874, \qquad \sqrt[3]{2} \approx 1.2599,$$
so
$$\sqrt[3]{4} + \sqrt[3]{2} + 1 \approx 3.8473.$$

Since this value lies between $3$ and $4$, the integer part is $b = 3$.

**Check:** The continued fraction begins $[1; 3, 1, 5, 1, 1, 4, \dots]$, and $[1;3,1,5] \approx 1.2609$, matching $\sqrt[3]{2} \approx 1.2599$. ✓

$$\boxed{b = 3}$$

#### 3"
bare,math500_split#433,1,0,"## Solution

To convert $\frac{57}{160}$ to a decimal, I can rewrite the denominator as a power of 10.

**Factor the denominator:**
$$160 = 16 \times 10$$

**Split the fraction:**
$$\frac{57}{160} = \frac{57}{16 \times 10} = \frac{57}{16} \times \frac{1}{10}$$

**Convert $\frac{57}{16}$ to a decimal:**
$$57 \div 16 = 3.5625$$

(Check: $16 \times 3.5625 = 57$ ✓)

**Divide by 10:**
$$\frac{57}{160} = \frac{3.5625}{10} = 0.35625$$

**Verification:** $0.35625 \times 160 = 35.625 + 21.375 = 57$ ✓

#### 0.35625"
